Workbook

Sheet 元データ
A1: 拠点 | B1: 売上 | C1: 費用
A2: 東京 | B2: 6241 | C2: 4094
A3: 大阪 | B3: 9234 | C3: 6553
A4: 名古屋 | B4: 7778 | C4: 5498
A5: 福岡 | B5: 5690 | C5: 3104
A6: 東京 | B6: 1442 | C6: 819
A7: 大阪 | B7: 3586 | C7: 2866
A8: 名古屋 | B8: 7394 | C8: 5186
A9: 福岡 | B9: 4257 | C9: 2456
A10: 東京 | B10: 1941 | C10: 1494
A11: 大阪 | B11: 8648 | C11: 6503
A12: 名古屋 | B12: 5061 | C12: 2957
A13: 福岡 | B13: 8574 | C13: 4404

Sheet 集計
A1: 拠点 | B1: 売上 | C1: 費用 | D1: 利益
A2: 東京 | B2: =SUMIF(元データ!A:A,A2,元データ!B:B) -> 9624 | C2: =SUMIF(元データ!A:A,A2,元データ!C:C) -> 6407 | D2: =B2-C2 -> 3217
A3: 大阪 | B3: =SUMIF(元データ!A:A,A3,元データ!B:B) -> 21468 | C3: =SUMIF(元データ!A:A,A3,元データ!C:C) -> 15922 | D3: =B3-C3 -> 5546
A4: 名古屋 | B4: =SUMIF(元データ!A:A,A4,元データ!B:B) -> 20233 | C4: =SUMIF(元データ!A:A,A4,元データ!C:C) -> 13641 | D4: =B4-C4 -> 6592
A5: 福岡 | B5: =SUMIF(元データ!A:A,A5,元データ!B:B) -> 18521 | C5: =SUMIF(元データ!A:A,A5,元データ!C:C) -> 9964 | D5: =B5-C5 -> 8557

Sheet 帳票
A1: 拠点 | B1: 売上 | C1: 費用 | D1: 利益
A2: =集計!A2 -> 東京 | B2: =集計!B2 -> 9624 | C2: =集計!C2 -> 6407 | D2: =集計!D2 -> 3217
A3: =集計!A3 -> 大阪 | B3: =集計!B3 -> 21468 | C3: =集計!C3 -> 15922 | D3: =集計!D3-500 -> 5046
A4: =集計!A4 -> 名古屋 | B4: =集計!B4 -> 20233 | C4: =集計!C4 -> 13641 | D4: =集計!D4 -> 6592
A5: =集計!A5 -> 福岡 | B5: =集計!B5 -> 18521 | C5: =集計!C5 -> 9964 | D5: =集計!D5 -> 8557
